nom,date,security_fr
Bunia,19-05-2026,Situation sécuritaire relativement calme.
Bunia,20-05-2026,Situation sécuritaire relativement calme.
Bunia,21-05-2026,Situation sécuritaire relativement calme. Briefing de sécurité fourni aux équipes déployées.
Bunia,22-05-2026,Situation sécuritaire relativement calme. Briefing de sécurité fourni aux équipes déployées.
Bunia,30-05-2026,Situation sécuritaire relativement calme dans la ville de Bunia et dans la Zone de Santé de Rwampara au 30 mai 2026.
Rwampara,30-05-2026,Situation sécuritaire relativement calme dans la ville de Bunia et dans la Zone de Santé de Rwampara au 30 mai 2026.
Bunia,31-05-2026,Situation sécuritaire relativement calme dans la ville de Bunia (ZS Bunia et Rwampara).
Rwampara,31-05-2026,Situation sécuritaire relativement calme dans la ville de Bunia (ZS Bunia et Rwampara).
Rwampara,02-06-2026,"Situation sécuritaire relativement calme dans la ville de Bunia (ZS Bunia et Rwampara). Cependant, la présence de groupes armés dans les territoires de Djugu, Irumu et Mambasa continue de limiter l'accès humanitaire dans plusieurs zones sanitaires touchées ou à risque. INCIDENT : Une équipe du SDB agressée au cimetière de Bunia — 5 intervenants blessés."
Nizi,02-06-2026,La situation sécuritaire reste instable dans les zones de santé de Nizi et Bambu.
Bambu,02-06-2026,La situation sécuritaire reste instable dans les zones de santé de Nizi et Bambu.
Katana,02-06-2026,"INCIDENT GRAVE : La communauté a attaqué l'équipe SDB à Katana, entraînant l'abandon du cercueil et la manipulation du corps par la communauté. Risque majeur de création de nouvelles chaînes de transmission."
Katwa,02-06-2026,Réunions de coordination organisées pour répondre aux contraintes sécuritaires liées aux incursions des ADF. Réponse aux incidents de sécurité (incursions ADF) en cours [J+2].
Beni,02-06-2026,Réunions de coordination organisées pour répondre aux contraintes sécuritaires liées aux incursions des ADF. Réponse aux incidents de sécurité (incursions ADF) en cours [J+2].
Butembo,02-06-2026,Réunions de coordination organisées pour répondre aux contraintes sécuritaires liées aux incursions des ADF. Réponse aux incidents de sécurité (incursions ADF) en cours [J+2].
Oicha,02-06-2026,Réunions de coordination organisées pour répondre aux contraintes sécuritaires liées aux incursions des ADF. Réponse aux incidents de sécurité (incursions ADF) en cours [J+2].
Kalunguta,02-06-2026,Réunions de coordination organisées pour répondre aux contraintes sécuritaires liées aux incursions des ADF. Réponse aux incidents de sécurité (incursions ADF) en cours [J+2].
Kyondo,02-06-2026,Réunions de coordination organisées pour répondre aux contraintes sécuritaires liées aux incursions des ADF. Réponse aux incidents de sécurité (incursions ADF) en cours [J+2].
Goma,02-06-2026,Réunions de coordination organisées pour répondre aux contraintes sécuritaires liées aux incursions des ADF. Réponse aux incidents de sécurité (incursions ADF) en cours [J+2].
Bambu,03-06-2026,"Situation sécuritaire instable. La présence de groupes armés dans les territoires de Djugu, Irumu et Mambasa limite l'accès humanitaire."
Nizi,03-06-2026,"Situation sécuritaire instable. La présence de groupes armés dans les territoires de Djugu, Irumu et Mambasa limite l'accès humanitaire."
Katana,03-06-2026,"Incident majeur : attaque de l'équipe EDS de la Croix-Rouge, cercueil abandonné, corps manipulé par la communauté. Risque de nouvelles chaînes de transmission."
Mongbwalu,03-06-2026,Soulèvement des jeunes contre l’équipe d’intervention ; pare-brise de deux véhicules (MSF et Croix Rouge) endommagés par des projectiles.
Bunia,03-06-2026,Attaque au cimetière le 2 juin : 5 membres de l'équipe d'intervention blessés. Découverte de 2 corps dans le quartier de Salongo en attente d'EDS.
Oicha,03-06-2026,"Massacre d'environ 24 civils à Mbau (Oicha HZ) attribué à des ADF présumés. Les activités de réponse à Beni, Butembo et Oicha ont été paralysées en raison des manifestations populaires."
Nizi,04-06-2026,La situation sécuritaire reste instable.
Bambu,04-06-2026,La situation sécuritaire reste instable.
Bunia,04-06-2026,Relativement calme.
Bambu,05-06-2026,La situation sécuritaire reste instable dans les zones de santé de Bambu.
Nizi,05-06-2026,La situation sécuritaire reste instable dans les zones de santé de Nizi.
Bunia,05-06-2026,"La situation sécuritaire dans la ville de Bunia (zones de santé de Bunia et Rwampara) est relativement calme. Cependant, la présence de groupes armés dans les territoires de Djugu, Irumu et Mambasa continue de limiter l'accès humanitaire dans plusieurs zones sanitaires touchées ou à risque."
Bunia,06-06-2026,Relativement calme. Sensibilisation des épouses des militaires (chefs de compartiment) et de leurs enfants sur les généralités de la MVE. La présence de groupes armés continue de limiter l'accès humanitaire dans plusieurs zones de santé touchées ou à risque.
Bunia,07-06-2026,"Incident : Une équipe du SDB attaquée par des personnes non identifiées au cimetière de Nyamurongo. Bilan : 2 personnes grièvement blessées et 2 véhicules endommagés. Situation sécuritaire relativement calme. Cependant, la présence de groupes armés dans les territoires de Djugu, Irumu et Mambasa continue de limiter l'accès humanitaire dans plusieurs zones de santé touchées ou à risque."
Rwampara,07-06-2026,"Situation sécuritaire relativement calme. Cependant, la présence de groupes armés dans les territoires de Djugu, Irumu et Mambasa continue de limiter l'accès humanitaire dans plusieurs zones de santé touchées ou à risque."
Bunia,08-06-2026,"La situation sécuritaire dans la ville de Bunia (zones de santé de Bunia et Rwampara) est relativement calme. Cependant, la présence de groupes armés dans les territoires de Djugu, Irumu et Mambasa continue de limiter l'accès humanitaire dans plusieurs zones sanitaires touchées ou à risque."
Bunia,09-06-2026,"Situation relativement calme à Bunia et Rwampara. Des groupes armés à Djugu, Irumu et Mambasa limitent l'accès humanitaire."
Rwampara,09-06-2026,"Situation relativement calme à Bunia et Rwampara. Des groupes armés à Djugu, Irumu et Mambasa limitent l'accès humanitaire."
Bunia,11-06-2026,"Situation relativement calme à Bunia et Rwampara. Des groupes armés à Djugu, Irumu et Mambasa limitent l'accès humanitaire."
Rwampara,11-06-2026,"Situation relativement calme à Bunia et Rwampara. Des groupes armés à Djugu, Irumu et Mambasa limitent l'accès humanitaire."
Bunia,15-06-2026,Appui au renforcement de la sécurité transfusionnelle (équipements et matériels CNTS livrés par l'OMS). Suivi du déploiement des médicaments (UG-PDSS et MEMISA Belgique). Situation sécuritaire calme mais imprévisible à Bunia et ses environs.
Mongbwalu,15-06-2026,Incident : équipe EDS attaquée dans la zone de santé PLUTO. Le SDB a été réalisé après l’intervention des forces de sécurité. Aucune victime n'a été signalée.
Bunia,16-06-2026,La situation sécuritaire reste calme mais imprévisible à Bunia et dans ses environs.
Bunia,18-06-2026,La situation sécuritaire reste calme mais imprévisible à Bunia et dans ses environs.
Bunia,19-06-2026,La situation sécuritaire reste calme mais imprévisible à Bunia et dans ses environs.
Bunia,23-06-2026,"Situation sécuritaire calme mais imprévisible à Bunia et environs."
Bunia,24-06-2026,"La situation sécuritaire reste calme mais imprévisible à Bunia et environs."
Bunia,25-06-2026,"La situation sécuritaire reste calme mais imprévisible à Bunia et environs."
Bunia,27-06-2026,"La situation sécuritaire reste calme mais imprévisible à Bunia et environs."
Bunia,29-06-2026,"La situation sécuritaire reste calme mais imprévisible à Bunia et environs. Incident : le PoC en construction à Miala (entrée nord de Bunia) a été incendié dans la nuit du 28 au 29 juin par des personnes non identifiées."
Bunia,30-06-2026,"La situation sécuritaire reste calme mais imprévisible à Bunia et environs."
Bunia,02-07-2026,"La situation sécuritaire reste calme mais imprévisible à Bunia et environs. L'incident survenu au PK51 (Nia-Nia) a freiné les activités programmées. Le renforcement du dialogue avec les autorités locales, les leaders communautaires et les services de sécurité demeure prioritaire."
Bunia,03-07-2026,"La situation sécuritaire reste calme mais imprévisible à Bunia et environs. Acte de vandalisme au PoC Irumu Centre par des personnes non identifiées suite à l'arrestation de l'un des leurs par le service de sécurité."
Bunia,04-07-2026,"La situation sécuritaire reste calme mais imprévisible à Bunia et environs. Incident: équipe PCI attaquée et véhicule lapidé lors de la décontamination du CMC Kiharo (AS Rughenda).
Bunia,07-07-2026,"Poursuite de la grève des prestataires des zones de santé de Bunia et Rwampara en Ituri."
Bunia,09-07-2026,"Poursuite de la grève des prestataires des zones de santé de Bunia et Rwampara en Ituri. Supervision au PoC Kasitu sur les mesures de prévention et le screening. Briefing des éléments PNC au CTE Kitatumba sur le respect des mesures barrières. Aucun nouvel incident sécuritaire majeur rapporté."
Nia-Nia,10-07-2026,"PoC d'Avakubi (AS Bafwanduo) vandalisé par des personnes non identifiées. Médecin Chef de Nia-Nia a plaidé pour la sécurisation de PK51 (centre de santé saccagé pour la deuxième fois) pour permettre la reprise des activités de riposte et EDS."
Bunia,10-07-2026,"PoC Mudzibala : menaces contre les prestataires après transfert d'un adolescent au CTE. Refus du screening/lavage des mains par certains humanitaires et militaires."