nom,date,provincial_laboratory_fr
Ituri,17-05-2026,"Treize premiers échantillons ont été collectés. Deux ont été analysés par RDT avec des résultats négatifs pour la Dengue, le MPOX, le Paludisme, Yersinia pestis, le COVID-19, le Rotavirus et le Choléra."
Ituri,18-05-2026,"Au 18 mai 2026, 27 échantillons provenant de nouveaux cas suspects ont été reçus et tous ont été analysés, sans aucun rééchantillonnage analysé. Il y avait 18 cas confirmés ce jour-là et 3 cas en cours de vérification. Quarante échantillons étaient en attente d'analyse au laboratoire d'Ituri et 54 échantillons provenant de Mongbwalu attendaient d'être expédiés. Les cas cumulés confirmés s’élevaient à 33 dans quatre laboratoires."
Ituri,19-05-2026,"Au 18 mai 2026, 84 échantillons avaient été reportés. Quarante-six nouveaux échantillons de cas suspects sont arrivés, pour un total de 130 à analyser. Trente et un échantillons ont été analysés ce jour-là, sans rééchantillonnage. Il y a eu 16 cas confirmés (12 dans une zone de santé, 4 sans formulaire). Le nombre cumulé de cas confirmés a atteint 51 dans trois laboratoires."
Ituri,05-06-2026,"Au total, 109 échantillons ont été collectés et analysés, avec un taux de positivité de 33 %."
Ituri,20-05-2026,"35 échantillons analysés : 12 positifs, 13 négatifs, 10 invalides. 49 reportés + 92 nouveaux = 141 à analyser. 102 échantillons envoyés à Kinshasa pour séquençage (20 mai). Cumul reçu : 218. Ré-échantillonnage : 3 échantillons (2 positifs, 1 non analysé). Cumul analysé : 134 ; positifs cumulés : 64."
North-Kivu,20-05-2026,"Seize échantillons ont été réceptionnés au laboratoire de Beni. Sept ont été transmis à Goma (4 arrivés à l'INRB Goma, 3 étaient en route). Neuf échantillons étaient encore retenus à l'INRB Beni en attente d'être transportés pour être expédiés au laboratoire d'analyses."
Ituri,22-05-2026,"Au total, 18 échantillons (17 sang, 1 écouvillon) ont été testés dans sept zones de santé. Quatre échantillons se sont révélés positifs, tous provenant de Mongbwalu."
North-Kivu,05-06-2026,"Onze échantillons ont été collectés et analysés, dont aucun n'était positif pour la maladie à virus Ebola (MVE). Au total, 159 résultats étaient toujours en attente en raison d'un manque de réactifs."
South-Kivu,05-06-2026,"Six échantillons ont été reçus et analysés au laboratoire, tous négatifs à la maladie à virus Ebola (MVE)."
Ituri,06-06-2026,"Au total, 94 échantillons ont été collectés et analysés, avec un taux de positivité de 28,7% (27 échantillons positifs)."
North-Kivu,06-06-2026,"Six échantillons ont été collectés et analysés, dont aucun n'était positif pour la maladie à virus Ebola (MVE). Au total, 193 résultats étaient en attente en raison d'un manque de réactifs."
South-Kivu,06-06-2026,"Six échantillons ont été reçus et analysés au laboratoire, tous négatifs à la maladie à virus Ebola (MVE)."
Ituri,07-06-2026,"Au total, 63 échantillons ont été collectés et analysés, avec un taux de positivité de 49,2% (31 échantillons positifs)."
North-Kivu,07-06-2026,"Au total, 183 résultats sont toujours en attente en raison d'un manque de réactifs."
South-Kivu,07-06-2026,"Quatre échantillons ont été reçus et analysés au laboratoire, tous négatifs pour la maladie à virus Ebola (MVE)."
Ituri,08-06-2026,"Au total, 115 nouveaux échantillons ont été collectés et analysés, avec un taux de positivité de 39,1% (45 échantillons positifs)."
North-Kivu,08-06-2026,"Au total, 146 résultats sont toujours en attente en raison d'un manque de réactifs."
South-Kivu,08-06-2026,"Six échantillons ont été reçus et analysés au laboratoire, tous négatifs à la maladie à virus Ebola (MVE)."
Ituri,09-06-2026,"Cinquante-quatre échantillons ont été analysés, avec un taux de positivité de 68,5 % (37 échantillons positifs)."
North-Kivu,09-06-2026,"Quarante-huit échantillons ont été collectés, dont 12 ont été analysés (aucun positif). Au total, 182 résultats étaient en attente en raison d'un manque de réactifs."
South-Kivu,09-06-2026,"Deux échantillons ont été analysés, tous deux négatifs."
Ituri,11-06-2026,"35 nouveaux échantillons collectés et analysés. Positivité : 48,6% (17 positifs)."
North-Kivu,11-06-2026,172 échantillons en attente (délai > 5 jours).
Ituri,15-06-2026,"130 nouveaux échantillons collectés et analysés. Positivité : 22,3% (29 positifs)."
South-Kivu,15-06-2026,"7 nouveaux échantillons prélevés et analysés, tous négatifs."
Ituri,18-06-2026,"101 échantillons collectés et analysés. Positivité : 34,6% (35 positifs)."
North-Kivu,18-06-2026,"79 nouveaux échantillons collectés et analysés. Positivité : 1,3% (1 positif)."
South-Kivu,18-06-2026,"10 nouveaux échantillons collectés, en cours d'analyse."
Ituri,23-06-2026,"74 échantillons collectés et analysés. Positivité : 31,1% (23 positifs)."
Nord-Kivu,23-06-2026,"76 nouveaux échantillons collectés, 39 analysés (1 positif, positivité 2,6%)."
Sud-Kivu,23-06-2026,"7 échantillons collectés et analysés, tous négatifs."
Ituri,24-06-2026,"134 échantillons collectés et analysés. Positivité : 25,0% (34 positifs)."
Nord-Kivu,24-06-2026,"117 échantillons reçus, 97 analysés (3 positifs, positivité 3,1%), 20 en cours d'analyse."
Sud-Kivu,24-06-2026,"6 échantillons collectés et analysés, tous négatifs."
Ituri,25-06-2026,"165 échantillons collectés et analysés. Positivité : 25,4% (42 positifs)."
Nord-Kivu,25-06-2026,"95 échantillons reçus et analysés, 6 positifs (positivité 6,3%)."
Sud-Kivu,25-06-2026,"4 échantillons collectés et analysés, tous négatifs."
Ituri,27-06-2026,"162 échantillons collectés et analysés. Positivité : 27,7% (45 positifs)."
Nord-Kivu,27-06-2026,"115 échantillons reçus, 99 analysés (2 positifs). 16 échantillons en cours d'analyse (11 Beni, 5 Butembo)."
Sud-Kivu,27-06-2026,"4 échantillons collectés et analysés, tous négatifs."
Ituri,29-06-2026,"64 échantillons collectés et analysés. Positivité : 26,6% (17 positifs)."
Nord-Kivu,29-06-2026,"97 échantillons reçus, 77 analysés. Positivité : 11,7% (9 positifs)."
Sud-Kivu,29-06-2026,"0 échantillon collecté et analysé."
Ituri,30-06-2026,"109 échantillons collectés et analysés. Positivité: 63,3% (69 positifs)."
Nord-Kivu,30-06-2026,"135 échantillons collectés et analysés. Positivité: 3% (4 positifs)."
Sud-Kivu,30-06-2026,"1 échantillon collecté, en cours d'analyse."
Ituri,02-07-2026,"100 échantillons collectés et analysés. Positivité : 33% (33 positifs). Installation des laboratoires de diagnostic à Komanda, Nizi, Mambasa et Nia-Nia."
Nord-Kivu,02-07-2026,"94 échantillons collectés et analysés. Positivité : 9,6% (9 positifs)."
Sud-Kivu,02-07-2026,"2 échantillons collectés et analysés, tous négatifs."
Ituri,03-07-2026,"54 échantillons collectés et analysés. Positivité: 38,8% (21 positifs). Installation des laboratoires de diagnostic à Komanda, Nizi, Mambasa et Nia-Nia."
Nord-Kivu,03-07-2026,"93 échantillons collectés et analysés. Positivité: 5,4% (5 positifs)."
Sud-Kivu,03-07-2026,"5 échantillons collectés, en cours d'analyse."
Ituri,04-07-2026,"99 échantillons collectés et analysés. Positivité: 30,3% (30 positifs)."
Nord-Kivu,04-07-2026,"73 échantillons collectés et analysés. Positivité: 4,1% (3 positifs)."
Sud-Kivu,04-07-2026,"2 échantillons collectés, en cours d'analyse."
Ituri,07-07-2026,"147 échantillons collectés et analysés. Positivité : 30,6% (45 positifs)."
Nord-Kivu,07-07-2026,"90 échantillons collectés et analysés. Positivité : 6,7% (6 positifs)."
Sud-Kivu,07-07-2026,"3 échantillons collectés, en cours d'analyse."
Ituri,09-07-2026,"104 échantillons collectés et analysés. Positivité : 30,8% (32 positifs)."
Nord-Kivu,09-07-2026,"108 échantillons collectés et analysés. Positivité : 5,6% (6 positifs)."
Sud-Kivu,09-07-2026,"2 échantillons collectés, en cours d'analyse."
Ituri,10-07-2026,"177 échantillons collectés et analysés. Positivité : 23,7% (42 positifs)."
Nord-Kivu,10-07-2026,"54 échantillons collectés et analysés. Positivité : 1,9% (1 positif)."
Sud-Kivu,10-07-2026,"5 échantillons collectés, en cours d'analyse."
Ituri,11-07-2026,"227 échantillons collectés et analysés. Positivité : 19,9% (45 positifs)."
Nord-Kivu,11-07-2026,"123 échantillons collectés et analysés. Positivité : 6,5% (8 positifs)."
Sud-Kivu,11-07-2026,"6 échantillons collectés, en cours d'analyse."
Ituri,13-07-2026,"229 échantillons analysés (208 sang, 21 écouvillons). 42 positifs (18,3% de positivité). Forte demande de diagnostic."
Nord-Kivu,13-07-2026,"99 échantillons analysés. 5 positifs (6,5% de positivité). Faible rendement et arriéré d'échantillons persistent."
Sud-Kivu,13-07-2026,"4 échantillons collectés, en cours d'analyse."
Ituri,19-07-2026,"167 échantillons collectés et analysés. Positivité: 41,9% (70 positifs: 47 vivants, 23 décès)."
Nord-Kivu,19-07-2026,"105 échantillons reçus et analysés. Positivité: 8,6% (9 positifs: 8 vivants, 1 décès)."
Haut-Uele,19-07-2026,"4 échantillons prélevés, en cours d'analyse."