DRC,2026-05-30,101
DRC,2026-05-31,104
DRC,2026-06-01,173
DRC,2026-06-02,206
DRC,2026-06-03,233
DRC,2026-06-04,258
DRC,2026-06-05,267
DRC,2026-06-06,283
DRC,2026-06-07,309
DRC,2026-06-08,297
DRC,2026-06-09,260
DRC,2026-06-10,262
DRC,2026-06-11,315
DRC,2026-06-13,359
DRC,2026-06-14,363
DRC,2026-06-15,376
DRC,2026-06-16,379
DRC,2026-06-17,383
DRC,2026-06-18,416
DRC,2026-06-19,361
DRC,2026-06-20,365
DRC,2026-06-21,371
DRC,2026-06-22,387
DRC,2026-06-23,408
DRC,2026-06-24,385
DRC,2026-06-25,419
DRC,2026-06-27,502
DRC,2026-06-29,609
DRC,2026-06-30,609
DRC,2026-07-01,641
DRC,2026-07-02,628
DRC,2026-07-03,628
DRC,2026-07-04,628
DRC,2026-07-05,646
DRC,2026-07-06,680
DRC,2026-07-07,750
DRC,2026-07-08,764
DRC,2026-07-09,780
DRC,2026-07-10,763
DRC,2026-07-11,753
DRC,2026-07-13,753
DRC,2026-07-15,725
DRC,2026-07-17,722
DRC,2026-07-18,724
DRC,2026-07-19,734
DRC,2026-07-20,737
DRC,2026-07-22,722
DRC,2026-07-23,766
DRC,2026-07-25,773
DRC,2026-07-26,723
DRC,2026-07-27,733
DRC,2026-07-30,748
DRC,2026-07-31,760
DRC,2026-08-01,690
DRC,2026-08-02,707
DRC,2026-08-03,717
DRC,2026-08-04,674
DRC,2026-08-08,595
DRC,2026-08-09,704
DRC,2026-08-10,716
