nom,date,cumulative_confirmed_cases
Mongbwalu,2026-05-14,0
Mongbwalu,2026-05-15,0
Rwampara,2026-05-15,13
Bunia,2026-05-15,0
Mongbwalu,2026-05-18,1
Rwampara,2026-05-18,19
Bunia,2026-05-18,6
Nyankunde,2026-05-18,4
Goma,2026-05-18,1
Katwa,2026-05-18,1
Butembo,2026-05-18,1
Mongbwalu,2026-05-19,13
Rwampara,2026-05-19,25
Bunia,2026-05-19,6
Nyankunde,2026-05-19,4
Goma,2026-05-19,1
Katwa,2026-05-19,1
Butembo,2026-05-19,1
Mongbwalu,2026-05-20,13
Rwampara,2026-05-20,24
Bunia,2026-05-20,11
Nyankunde,2026-05-20,5
Goma,2026-05-20,1
Katwa,2026-05-20,1
Butembo,2026-05-20,1
Bambu,2026-05-20,1
Mongbwalu,2026-05-21,14
Rwampara,2026-05-21,31
Bunia,2026-05-21,15
Nyankunde,2026-05-21,11
Goma,2026-05-21,1
Katwa,2026-05-21,1
Butembo,2026-05-21,2
Bambu,2026-05-21,1
Nizi,2026-05-21,1
Kilo,2026-05-21,1
Miti Murhesa,2026-05-21,1
Mongbwalu,2026-05-22,10
Rwampara,2026-05-22,32
Bunia,2026-05-22,23
Nyankunde,2026-05-22,9
Goma,2026-05-22,1
Katwa,2026-05-22,0
Butembo,2026-05-22,2
Bambu,2026-05-22,1
Nizi,2026-05-22,2
Kilo,2026-05-22,1
Miti Murhesa,2026-05-22,1
Aru,2026-05-22,1
Mongbwalu,2026-05-23,19
Rwampara,2026-05-23,32
Bunia,2026-05-23,24
Nyankunde,2026-05-23,9
Goma,2026-05-23,1
Katwa,2026-05-23,4
Butembo,2026-05-23,1
Bambu,2026-05-23,0
Nizi,2026-05-23,2
Kilo,2026-05-23,1
Miti Murhesa,2026-05-23,1
Aru,2026-05-23,1
Mongbwalu,2026-05-24,19
Rwampara,2026-05-24,32
Bunia,2026-05-24,24
Nyankunde,2026-05-24,9
Goma,2026-05-24,1
Katwa,2026-05-24,4
Butembo,2026-05-24,3
Bambu,2026-05-24,2
Nizi,2026-05-24,2
Kilo,2026-05-24,1
Miti Murhesa,2026-05-24,1
Aru,2026-05-24,1
Oicha,2026-05-24,1
Kalunguta,2026-05-24,1
Mongbwalu,2026-05-25,19
Rwampara,2026-05-25,32
Bunia,2026-05-25,24
Nyankunde,2026-05-25,9
Goma,2026-05-25,1
Butembo,2026-05-25,3
Bambu,2026-05-25,0
Nizi,2026-05-25,2
Kilo,2026-05-25,1
Miti Murhesa,2026-05-25,1
Aru,2026-05-25,1
Oicha,2026-05-25,1
Kalunguta,2026-05-25,1
Kyondo,2026-05-25,1
Mongbwalu,2026-05-26,20
Rwampara,2026-05-26,33
Bunia,2026-05-26,36
Nyankunde,2026-05-26,10
Goma,2026-05-26,1
Katwa,2026-05-25,4
Butembo,2026-05-26,3
Bambu,2026-05-26,0
Nizi,2026-05-26,2
Kilo,2026-05-26,1
Miti Murhesa,2026-05-26,1
Aru,2026-05-26,1
Oicha,2026-05-26,1
Kalunguta,2026-05-26,1
Karisimbi,2026-05-26,0
Damas,2026-05-26,0
Fataki,2026-05-26,0
Mambasa,2026-05-26,0
Rimba,2026-05-26,0
Kyondo,2026-05-26,1
Mongbwalu,2026-05-27,20
Rwampara,2026-05-27,33
Bunia,2026-05-27,37
Nyankunde,2026-05-27,10
Goma,2026-05-27,1
Katwa,2026-05-27,4
Butembo,2026-05-27,5
Bambu,2026-05-27,0
Nizi,2026-05-27,2
Kilo,2026-05-27,1
Miti Murhesa,2026-05-27,1
Aru,2026-05-27,1
Oicha,2026-05-27,2
Kalunguta,2026-05-27,2
Karisimbi,2026-05-27,0
Damas,2026-05-27,0
Fataki,2026-05-27,0
Mambasa,2026-05-27,0
Rimba,2026-05-27,0
Kyondo,2026-05-27,ND
Aru,2026-05-28,2
Bambu,2026-05-28,2
Bunia,2026-05-28,80
Kilo,2026-05-28,2
Mongbwalu,2026-05-28,47
Nizi,2026-05-28,2
Nyankunde,2026-05-28,19
Rwampara,2026-05-28,65
Mangala,2026-05-28,1
Damas,2026-05-28,1
Aungba,2026-05-28,1
Gety,2026-05-28,1
Komanda,2026-05-28,1
Jiba,2026-05-28,ND
Lita,2026-05-28,1
Butembo,2026-05-28,5
Goma,2026-05-28,1
Katwa,2026-05-28,4
Karisimbi,2026-05-28,0
Kyondo,2026-05-28,1
Oicha,2026-05-28,1
Kalunguta,2026-05-28,1
Beni,2026-05-28,2
Miti Murhesa,2026-05-28,3
Aru,2026-05-29,2
Bambu,2026-05-29,2
Bunia,2026-05-29,80
Kilo,2026-05-29,2
Mongbwalu,2026-05-29,47
Nizi,2026-05-29,2
Nyankunde,2026-05-29,19
Rwampara,2026-05-29,65
Mangala,2026-05-29,1
Damas,2026-05-29,1
Aungba,2026-05-29,1
Gety,2026-05-29,1
Komanda,2026-05-29,1
Jiba,2026-05-29,ND
Lita,2026-05-29,1
Butembo,2026-05-29,5
Goma,2026-05-29,1
Katwa,2026-05-29,4
Karisimbi,2026-05-29,0
Kyondo,2026-05-29,1
Oicha,2026-05-29,1
Kalunguta,2026-05-29,1
Manguredjipa,2026-05-29,0
Beni,2026-05-29,2
Miti Murhesa,2026-05-29,3
Aru,2026-05-30,2
Bambu,2026-05-30,2
Bunia,2026-05-30,80
Kilo,2026-05-30,2
Mongbwalu,2026-05-30,47
Nizi,2026-05-30,2
Nyankunde,2026-05-30,19
Rwampara,2026-05-30,65
Mangala,2026-05-30,1
Damas,2026-05-30,1
Aungba,2026-05-30,1
Gety,2026-05-30,1
Komanda,2026-05-30,1
Jiba,2026-05-30,ND
Lita,2026-05-30,1
Butembo,2026-05-30,5
Goma,2026-05-30,1
Katwa,2026-05-30,4
Karisimbi,2026-05-30,0
Kyondo,2026-05-30,1
Oicha,2026-05-30,1
Kalunguta,2026-05-30,1
Manguredjipa,2026-05-30,0
Beni,2026-05-30,2
Miti Murhesa,2026-05-30,3
Aru,2026-06-01,2
Bambu,2026-06-01,2
Bunia,2026-06-01,80
Kilo,2026-06-01,2
Mongbwalu,2026-06-01,47
Nizi,2026-06-01,2
Nyankunde,2026-06-01,19
Rwampara,2026-06-01,65
Mangala,2026-06-01,1
Damas,2026-06-01,1
Aungba,2026-06-01,1
Gety,2026-06-01,1
Komanda,2026-06-01,1
Jiba,2026-06-01,ND
Lita,2026-06-01,1
Logo,2026-06-01,1
Mambasa,2026-06-01,2
NA,2026-06-01,94
Butembo,2026-06-01,2
Goma,2026-06-01,1
Katwa,2026-06-01,7
Karisimbi,2026-06-01,ND
Kyondo,2026-06-01,1
Oicha,2026-06-01,2
Kalunguta,2026-06-01,1
Manguredjipa,2026-06-01,ND
Beni,2026-06-01,5
Miti Murhesa,2026-06-01,3
Bunia,2026-06-02,85
Rwampara,2026-06-02,72
Mongbwalu,2026-06-02,47
Nyankunde,2026-06-02,22
Rimba,2026-06-02,3
Miti Murhesa,2026-06-02,3
Bambu,2026-06-02,2
Aru,2026-06-02,2
Kilo,2026-06-02,2
Nizi,2026-06-02,2
Damas,2026-06-02,2
Mambasa,2026-06-02,2
Katwa,2026-06-02,7
Beni,2026-06-02,5
Butembo,2026-06-02,2
Oicha,2026-06-02,2
Kalunguta,2026-06-02,1
Kyondo,2026-06-02,1
Goma,2026-06-02,1
Mangala,2026-06-02,1
Aungba,2026-06-02,1
Gety,2026-06-02,1
Komanda,2026-06-02,1
Lita,2026-06-02,1
Logo,2026-06-02,1
NA,2026-06-02,94
Aru,2026-06-03,2
Bambu,2026-06-03,2
Bunia,2026-06-03,97
Kilo,2026-06-03,2
Mongbwalu,2026-06-03,47
Nizi,2026-06-03,2
Nyankunde,2026-06-03,22
Rwampara,2026-06-03,76
Mangala,2026-06-03,1
Damas,2026-06-03,3
Aungba,2026-06-03,1
Gety,2026-06-03,1
Komanda,2026-06-03,1
Jiba,2026-06-03,ND
Lita,2026-06-03,2
Butembo,2026-06-03,2
Goma,2026-06-03,1
Katwa,2026-06-03,7
Karisimbi,2026-06-03,ND
Kyondo,2026-06-03,1
Oicha,2026-06-03,2
Kalunguta,2026-06-03,1
Manguredjipa,2026-06-03,ND
Beni,2026-06-03,5
Miti Murhesa,2026-06-03,3
NA,2026-06-03,97
Bunia,2026-06-04,123
Rwampara,2026-06-04,86
Mongbwalu,2026-06-04,64
Nyankunde,2026-06-04,22
Bambu,2026-06-04,5
Aru,2026-06-04,3
Kilo,2026-06-04,3
Nizi,2026-06-04,5
Mangala,2026-06-04,1
Damas,2026-06-04,3
Aungba,2026-06-04,1
Gety,2026-06-04,1
Komanda,2026-06-04,3
Lita,2026-06-04,3
Logo,2026-06-04,2
Mambasa,2026-06-04,2
Rimba,2026-06-04,3
Katwa,2026-06-04,11
Beni,2026-06-04,5
Butembo,2026-06-04,4
Oicha,2026-06-04,2
Kalunguta,2026-06-04,1
Kyondo,2026-06-04,1
Goma,2026-06-04,1
Miti Murhesa,2026-06-04,1
NA,2026-06-04,94
Bunia,2026-06-05,138
Rwampara,2026-06-05,93
Mongbwalu,2026-06-05,74
Nyankunde,2026-06-05,24
Bambu,2026-06-05,5
Aru,2026-06-05,3
Kilo,2026-06-05,4
Nizi,2026-06-05,5
Mangala,2026-06-05,1
Damas,2026-06-05,3
Aungba,2026-06-05,1
Gety,2026-06-05,1
Komanda,2026-06-05,3
Lita,2026-06-05,4
Logo,2026-06-05,2
Mambasa,2026-06-05,2
Rimba,2026-06-05,3
Katwa,2026-06-05,11
Beni,2026-06-05,5
Butembo,2026-06-05,4
Oicha,2026-06-05,2
Kalunguta,2026-06-05,1
Kyondo,2026-06-05,1
Goma,2026-06-05,1
Miti Murhesa,2026-06-05,3
NA,2026-06-05,94
Bunia,2026-06-06,142
Rwampara,2026-06-06,98
Mongbwalu,2026-06-06,92
Nyankunde,2026-06-06,24
Bambu,2026-06-06,5
Aru,2026-06-06,3
Kilo,2026-06-06,4
Nizi,2026-06-06,5
Mangala,2026-06-06,1
Damas,2026-06-06,3
Aungba,2026-06-06,1
Gety,2026-06-06,1
Komanda,2026-06-06,3
Lita,2026-06-06,4
Logo,2026-06-06,2
Mambasa,2026-06-06,2
Rimba,2026-06-06,3
Katwa,2026-06-06,11
Beni,2026-06-06,5
Butembo,2026-06-06,4
Oicha,2026-06-06,2
Kalunguta,2026-06-06,1
Kyondo,2026-06-06,1
Goma,2026-06-06,1
Miti Murhesa,2026-06-06,3
NA,2026-06-06,94
Bunia,2026-06-07,152
Rwampara,2026-06-07,111
Mongbwalu,2026-06-07,98
Nyankunde,2026-06-07,26
Bambu,2026-06-07,5
Aru,2026-06-07,3
Kilo,2026-06-07,4
Nizi,2026-06-07,5
Mangala,2026-06-07,1
Damas,2026-06-07,3
Aungba,2026-06-07,1
Gety,2026-06-07,1
Komanda,2026-06-07,3
Lita,2026-06-07,4
Logo,2026-06-07,2
Mambasa,2026-06-07,2
Rimba,2026-06-07,3
Katwa,2026-06-07,11
Beni,2026-06-07,9
Butembo,2026-06-07,4
Oicha,2026-06-07,2
Kalunguta,2026-06-07,1
Kyondo,2026-06-07,1
Goma,2026-06-07,1
Miti Murhesa,2026-06-07,3
NA,2026-06-07,94
Bunia,2026-06-08,163
Rwampara,2026-06-08,122
Mongbwalu,2026-06-08,114
Nyankunde,2026-06-08,32
Bambu,2026-06-08,5
Aru,2026-06-08,3
Kilo,2026-06-08,4
Nizi,2026-06-08,5
Mangala,2026-06-08,1
Damas,2026-06-08,3
Aungba,2026-06-08,2
Gety,2026-06-08,1
Komanda,2026-06-08,3
Lita,2026-06-08,4
Logo,2026-06-08,2
Mambasa,2026-06-08,2
Rimba,2026-06-08,3
Katwa,2026-06-08,12
Beni,2026-06-08,9
Butembo,2026-06-08,6
Oicha,2026-06-08,2
Kalunguta,2026-06-08,1
Kyondo,2026-06-08,1
Goma,2026-06-08,1
Miti Murhesa,2026-06-08,1
NA,2026-06-08,94
Bunia,2026-06-09,173
Rwampara,2026-06-09,133
Mongbwalu,2026-06-09,127
Nyankunde,2026-06-09,32
Bambu,2026-06-09,5
Aru,2026-06-09,3
Kilo,2026-06-09,4
Nizi,2026-06-09,5
Mangala,2026-06-09,1
Damas,2026-06-09,3
Aungba,2026-06-09,2
Gety,2026-06-09,1
Komanda,2026-06-09,3
Lita,2026-06-09,5
Logo,2026-06-09,2
Mambasa,2026-06-09,2
Rimba,2026-06-09,3
Tchomia,2026-06-09,2
Katwa,2026-06-09,12
Beni,2026-06-09,9
Butembo,2026-06-09,6
Oicha,2026-06-09,2
Kalunguta,2026-06-09,1
Kyondo,2026-06-09,1
Goma,2026-06-09,1
Miti Murhesa,2026-06-09,3
NA,2026-06-09,94
Bunia,2026-06-10,185
Rwampara,2026-06-10,137
Mongbwalu,2026-06-10,132
Nyankunde,2026-06-10,33
Bambu,2026-06-10,7
Aru,2026-06-10,3
Kilo,2026-06-10,4
Nizi,2026-06-10,7
Mangala,2026-06-10,2
Damas,2026-06-10,3
Aungba,2026-06-10,2
Gety,2026-06-10,1
Komanda,2026-06-10,3
Lita,2026-06-10,6
Logo,2026-06-10,2
Mambasa,2026-06-10,2
Rimba,2026-06-10,3
Tchomia,2026-06-10,2
Kambala,2026-06-10,1
Katwa,2026-06-10,18
Beni,2026-06-10,9
Butembo,2026-06-10,9
Oicha,2026-06-10,2
Kalunguta,2026-06-10,1
Kyondo,2026-06-10,2
Goma,2026-06-10,1
Masereka,2026-06-10,1
Vuhovi,2026-06-10,1
Miti Murhesa,2026-06-10,3
NA,2026-06-10,94
Bunia,2026-06-11,191
Rwampara,2026-06-11,142
Mongbwalu,2026-06-11,136
Nyankunde,2026-06-11,33
Bambu,2026-06-11,7
Aru,2026-06-11,3
Kilo,2026-06-11,4
Nizi,2026-06-11,9
Mangala,2026-06-11,2
Damas,2026-06-11,3
Aungba,2026-06-11,2
Gety,2026-06-11,1
Komanda,2026-06-11,3
Lita,2026-06-11,6
Logo,2026-06-11,2
Mambasa,2026-06-11,2
Rimba,2026-06-11,3
Tchomia,2026-06-11,2
Kambala,2026-06-11,1
Katwa,2026-06-11,16
Beni,2026-06-11,9
Butembo,2026-06-11,7
Oicha,2026-06-11,2
Kalunguta,2026-06-11,1
Kyondo,2026-06-11,2
Goma,2026-06-11,1
Masereka,2026-06-11,1
Vuhovi,2026-06-11,1
Miti Murhesa,2026-06-11,3
NA,2026-06-11,94
Bunia,2026-06-13,212
Rwampara,2026-06-13,149
Mongbwalu,2026-06-13,164
Nyankunde,2026-06-13,38
Bambu,2026-06-13,7
Aru,2026-06-13,3
Kilo,2026-06-13,4
Nizi,2026-06-13,11
Mangala,2026-06-13,5
Damas,2026-06-13,4
Aungba,2026-06-13,2
Gety,2026-06-13,1
Komanda,2026-06-13,6
Lita,2026-06-13,6
Logo,2026-06-13,2
Mambasa,2026-06-13,2
Rimba,2026-06-13,3
Tchomia,2026-06-13,2
Kambala,2026-06-13,1
Nia Nia,2026-06-13,1
Katwa,2026-06-13,21
Beni,2026-06-13,14
Butembo,2026-06-13,18
Oicha,2026-06-13,2
Kalunguta,2026-06-13,1
Kyondo,2026-06-13,2
Goma,2026-06-13,1
Masereka,2026-06-13,1
Vuhovi,2026-06-13,1
Mabalako,2026-06-13,1
Miti Murhesa,2026-06-13,3
NA,2026-06-13,94
Bunia,2026-06-14,215
Rwampara,2026-06-14,152
Mongbwalu,2026-06-14,175
Nyankunde,2026-06-14,42
Bambu,2026-06-14,7
Aru,2026-06-14,3
Kilo,2026-06-14,4
Nizi,2026-06-14,11
Mangala,2026-06-14,5
Damas,2026-06-14,4
Aungba,2026-06-14,2
Gety,2026-06-14,1
Komanda,2026-06-14,6
Lita,2026-06-14,6
Logo,2026-06-14,2
Mambasa,2026-06-14,2
Rimba,2026-06-14,3
Tchomia,2026-06-14,2
Kambala,2026-06-14,1
Nia Nia,2026-06-14,1
Katwa,2026-06-14,25
Beni,2026-06-14,14
Butembo,2026-06-14,19
Oicha,2026-06-14,2
Kalunguta,2026-06-14,1
Kyondo,2026-06-14,2
Goma,2026-06-14,1
Masereka,2026-06-14,1
Vuhovi,2026-06-14,1
Mabalako,2026-06-14,1
Miti Murhesa,2026-06-14,3
NA,2026-06-14,94
Bunia,2026-06-15,215
Rwampara,2026-06-15,192
Mongbwalu,2026-06-15,185
Nyankunde,2026-06-15,45
Bambu,2026-06-15,7
Aru,2026-06-15,3
Kilo,2026-06-15,4
Nizi,2026-06-15,16
Mangala,2026-06-15,5
Damas,2026-06-15,4
Aungba,2026-06-15,2
Gety,2026-06-15,1
Komanda,2026-06-15,7
Lita,2026-06-15,9
Logo,2026-06-15,2
Mambasa,2026-06-15,2
Rimba,2026-06-15,3
Tchomia,2026-06-15,2
Kambala,2026-06-15,1
Nia Nia,2026-06-15,1
Katwa,2026-06-15,25
Beni,2026-06-15,14
Butembo,2026-06-15,19
Oicha,2026-06-15,2
Kalunguta,2026-06-15,1
Kyondo,2026-06-15,2
Goma,2026-06-15,1
Masereka,2026-06-15,1
Vuhovi,2026-06-15,1
Mabalako,2026-06-15,1
Miti Murhesa,2026-06-15,3
NA,2026-06-15,94
Bunia,2026-06-16,226
Rwampara,2026-06-16,172
Mongbwalu,2026-06-16,189
Nyankunde,2026-06-16,45
Bambu,2026-06-16,7
Nizi,2026-06-16,16
Komanda,2026-06-16,7
Lita,2026-06-16,9
Mangala,2026-06-16,5
Tchomia,2026-06-16,5
Kilo,2026-06-16,4
Damas,2026-06-16,4
Rimba,2026-06-16,3
Aru,2026-06-16,3
Aungba,2026-06-16,2
Mambasa,2026-06-16,2
Logo,2026-06-16,2
Fataki,2026-06-16,1
Gety,2026-06-16,1
Kambala,2026-06-16,1
Nia Nia,2026-06-16,1
Katwa,2026-06-16,23
Butembo,2026-06-16,24
Beni,2026-06-16,14
Oicha,2026-06-16,3
Kyondo,2026-06-16,2
Kalunguta,2026-06-16,2
Goma,2026-06-16,1
Masereka,2026-06-16,1
Vuhovi,2026-06-16,1
Mabalako,2026-06-16,1
Musienene,2026-06-16,1
Miti Murhesa,2026-06-16,3
Bunia,2026-06-17,247
Rwampara,2026-06-17,195
Mongbwalu,2026-06-17,189
Nyankunde,2026-06-17,68
Nizi,2026-06-17,25
Lita,2026-06-17,18
Komanda,2026-06-17,10
Bambu,2026-06-17,9
Kilo,2026-06-17,7
Mangala,2026-06-17,5
Tchomia,2026-06-17,5
Damas,2026-06-17,4
Aungba,2026-06-17,4
Rimba,2026-06-17,3
Aru,2026-06-17,3
Mambasa,2026-06-17,2
Logo,2026-06-17,2
Drodro,2026-06-17,1
Gety,2026-06-17,1
Kambala,2026-06-17,1
Nia Nia,2026-06-17,1
Fataki,2026-06-17,1
NA,2026-06-17,17
Butembo,2026-06-17,25
Katwa,2026-06-17,24
Beni,2026-06-17,15
Oicha,2026-06-17,3
Kalunguta,2026-06-17,2
Kyondo,2026-06-17,2
Goma,2026-06-17,1
Masereka,2026-06-17,1
Vuhovi,2026-06-17,1
Mabalako,2026-06-17,1
Musienene,2026-06-17,1
Miti Murhesa,2026-06-17,3
Bunia,2026-06-18,253
Rwampara,2026-06-18,199
Mongbwalu,2026-06-18,198
Nyankunde,2026-06-18,77
Nizi,2026-06-18,26
Lita,2026-06-18,20
Komanda,2026-06-18,10
Bambu,2026-06-18,9
Kilo,2026-06-18,7
Mangala,2026-06-18,7
Tchomia,2026-06-18,5
Damas,2026-06-18,4
Aungba,2026-06-18,6
Rimba,2026-06-18,3
Aru,2026-06-18,3
Mambasa,2026-06-18,2
Logo,2026-06-18,2
Drodro,2026-06-18,1
Gety,2026-06-18,1
Kambala,2026-06-18,1
Nia Nia,2026-06-18,1
Fataki,2026-06-18,1
Butembo,2026-06-18,25
Katwa,2026-06-18,24
Beni,2026-06-18,16
Oicha,2026-06-18,3
Kalunguta,2026-06-18,2
Kyondo,2026-06-18,2
Goma,2026-06-18,1
Masereka,2026-06-18,1
Vuhovi,2026-06-18,1
Mabalako,2026-06-18,1
Musienene,2026-06-18,1
Miti Murhesa,2026-06-18,3
NA,2026-06-18,17-
Bunia,2026-06-19,259
Rwampara,2026-06-19,201
Mongbwalu,2026-06-19,209
Nyankunde,2026-06-19,79
Nizi,2026-06-19,26
Lita,2026-06-19,20
Komanda,2026-06-19,10
Bambu,2026-06-19,9
Kilo,2026-06-19,7
Mangala,2026-06-19,7
Tchomia,2026-06-19,5
Damas,2026-06-19,4
Aungba,2026-06-19,6
Rimba,2026-06-19,3
Aru,2026-06-19,3
Mambasa,2026-06-19,2
Logo,2026-06-19,2
Drodro,2026-06-19,1
Gety,2026-06-19,1
Kambala,2026-06-19,1
Nia Nia,2026-06-19,1
Fataki,2026-06-19,1
Butembo,2026-06-19,25
Katwa,2026-06-19,26
Beni,2026-06-19,16
Oicha,2026-06-19,3
Kalunguta,2026-06-19,2
Kyondo,2026-06-19,2
Goma,2026-06-19,1
Masereka,2026-06-19,1
Vuhovi,2026-06-19,1
Mabalako,2026-06-19,1
Musienene,2026-06-19,1
Miti Murhesa,2026-06-19,3
NA,2026-06-19,17
Bunia,2026-06-20,275
Rwampara,2026-06-20,211
Mongbwalu,2026-06-20,220
Nyankunde,2026-06-20,79
Nizi,2026-06-20,26
Lita,2026-06-20,20
Komanda,2026-06-20,10
Bambu,2026-06-20,14
Kilo,2026-06-20,7
Mangala,2026-06-20,7
Tchomia,2026-06-20,5
Damas,2026-06-20,4
Aungba,2026-06-20,6
Rimba,2026-06-20,3
Aru,2026-06-20,3
Mambasa,2026-06-20,2
Logo,2026-06-20,2
Drodro,2026-06-20,1
Gety,2026-06-20,1
Kambala,2026-06-20,1
Nia Nia,2026-06-20,1
Fataki,2026-06-20,1
Butembo,2026-06-20,27
Katwa,2026-06-20,28
Beni,2026-06-20,17
Oicha,2026-06-20,3
Kalunguta,2026-06-20,2
Kyondo,2026-06-20,2
Goma,2026-06-20,1
Masereka,2026-06-20,1
Vuhovi,2026-06-20,1
Mabalako,2026-06-20,1
Musienene,2026-06-20,1
Miti Murhesa,2026-06-20,3
NA,2026-06-20,17
Bunia,2026-06-21,285
Rwampara,2026-06-21,215
Mongbwalu,2026-06-21,229
Nyankunde,2026-06-21,86
Nizi,2026-06-21,26
Lita,2026-06-21,21
Komanda,2026-06-21,10
Bambu,2026-06-21,14
Kilo,2026-06-21,7
Mangala,2026-06-21,11
Tchomia,2026-06-21,7
Damas,2026-06-21,4
Aungba,2026-06-21,6
Rimba,2026-06-21,3
Aru,2026-06-21,3
Mambasa,2026-06-21,2
Logo,2026-06-21,2
Drodro,2026-06-21,1
Gety,2026-06-21,1
Kambala,2026-06-21,1
Nia Nia,2026-06-21,2
Fataki,2026-06-21,1
Butembo,2026-06-21,28
Katwa,2026-06-21,31
Beni,2026-06-21,18
Oicha,2026-06-21,3
Kalunguta,2026-06-21,2
Kyondo,2026-06-21,3
Goma,2026-06-21,1
Masereka,2026-06-21,1
Vuhovi,2026-06-21,1
Mabalako,2026-06-21,1
Musienene,2026-06-21,2
Miti Murhesa,2026-06-21,3
NA,2026-06-21,17
Bunia,2026-06-22,296
Rwampara,2026-06-22,225
Mongbwalu,2026-06-22,237
Nyankunde,2026-06-22,86
Nizi,2026-06-22,30
Lita,2026-06-22,24
Komanda,2026-06-22,10
Bambu,2026-06-22,14
Kilo,2026-06-22,7
Mangala,2026-06-22,14
Tchomia,2026-06-22,8
Damas,2026-06-22,4
Aungba,2026-06-22,6
Rimba,2026-06-22,3
Aru,2026-06-22,3
Mambasa,2026-06-22,2
Logo,2026-06-22,5
Drodro,2026-06-22,1
Gety,2026-06-22,1
Kambala,2026-06-22,1
Nia Nia,2026-06-22,2
Fataki,2026-06-22,1
Butembo,2026-06-22,28
Katwa,2026-06-22,32
Beni,2026-06-22,20
Oicha,2026-06-22,3
Kalunguta,2026-06-22,2
Kyondo,2026-06-22,3
Goma,2026-06-22,1
Masereka,2026-06-22,1
Vuhovi,2026-06-22,1
Mabalako,2026-06-22,1
Musienene,2026-06-22,2
Miti Murhesa,2026-06-22,3
NA,2026-06-22,17
Bunia,2026-06-23,304
Rwampara,2026-06-23,225
Mongbwalu,2026-06-23,241
Nyankunde,2026-06-23,86
Nizi,2026-06-23,30
Lita,2026-06-23,26
Komanda,2026-06-23,13
Bambu,2026-06-23,14
Kilo,2026-06-23,7
Mangala,2026-06-23,17
Tchomia,2026-06-23,8
Damas,2026-06-23,4
Aungba,2026-06-23,6
Rimba,2026-06-23,3
Aru,2026-06-23,3
Mambasa,2026-06-23,2
Logo,2026-06-23,5
Drodro,2026-06-23,1
Gety,2026-06-23,1
Kambala,2026-06-23,1
Nia Nia,2026-06-23,5
Fataki,2026-06-23,1
Butembo,2026-06-23,29
Katwa,2026-06-23,32
Beni,2026-06-23,20
Oicha,2026-06-23,3
Kalunguta,2026-06-23,2
Kyondo,2026-06-23,3
Goma,2026-06-23,1
Masereka,2026-06-23,1
Vuhovi,2026-06-23,1
Mabalako,2026-06-23,1
Musienene,2026-06-23,2
NA,2026-06-23,17
Bunia,2026-06-24,314
Rwampara,2026-06-24,237
Mongbwalu,2026-06-24,245
Nyankunde,2026-06-24,91
Nizi,2026-06-24,30
Lita,2026-06-24,26
Komanda,2026-06-24,13
Bambu,2026-06-24,14
Kilo,2026-06-24,9
Mangala,2026-06-24,17
Tchomia,2026-06-24,9
Damas,2026-06-24,4
Aungba,2026-06-24,6
Rimba,2026-06-24,3
Aru,2026-06-24,3
Mambasa,2026-06-24,2
Logo,2026-06-24,5
Drodro,2026-06-24,1
Gety,2026-06-24,1
Kambala,2026-06-24,1
Nia Nia,2026-06-24,5
Fataki,2026-06-24,1
Butembo,2026-06-24,31
Katwa,2026-06-24,33
Beni,2026-06-24,20
Oicha,2026-06-24,3
Kalunguta,2026-06-24,2
Kyondo,2026-06-24,3
Goma,2026-06-24,1
Masereka,2026-06-24,1
Vuhovi,2026-06-24,1
Mabalako,2026-06-24,1
Musienene,2026-06-24,2
Miti Murhesa,2026-06-24,3
NA,2026-06-24,17
Bunia,2026-06-25,323
Rwampara,2026-06-25,258
Mongbwalu,2026-06-25,250
Nyankunde,2026-06-25],93
Nizi,2026-06-25,32
Lita,2026-06-25,26
Komanda,2026-06-25,13
Bambu,2026-06-25,14
Kilo,2026-06-25,9
Mangala,2026-06-25,17
Tchomia,2026-06-25,10
Damas,2026-06-25,4
Aungba,2026-06-25,6
Rimba,2026-06-25,3
Aru,2026-06-25,3
Mambasa,2026-06-25,2
Logo,2026-06-25,7
Drodro,2026-06-25,1
Gety,2026-06-25,1
Kambala,2026-06-25,1
Nia Nia,2026-06-25,5
Fataki,2026-06-25,1
Butembo,2026-06-25,33
Katwa,2026-06-25,35
Beni,2026-06-25,22
Oicha,2026-06-25,3
Kalunguta,2026-06-25,2
Kyondo,2026-06-25,3
Goma,2026-06-25,1
Masereka,2026-06-25,1
Vuhovi,2026-06-25,1
Mabalako,2026-06-25,1
Musienene,2026-06-25,2
Miti Murhesa,2026-06-25,3
NA,2026-06-25,17
Bunia,2026-06-29,358
Rwampara,2026-06-29,295
Mongbwalu,2026-06-29,258
Nyankunde,2026-06-29,94
Nizi,2026-06-29,41
Lita,2026-06-29,29
Komanda,2026-06-29,16
Bambu,2026-06-29,16
Kilo,2026-06-29,9
Mangala,2026-06-29,24
Tchomia,2026-06-29,13
Damas,2026-06-29,5
Aungba,2026-06-29,6
Rimba,2026-06-29,3
Aru,2026-06-29,3
Mambasa,2026-06-29,2
Logo,2026-06-29,7
Drodro,2026-06-29,3
Gety,2026-06-29,1
Kambala,2026-06-29,1
Nia Nia,2026-06-29,11
Fataki,2026-06-29,1
Mandima,2026-06-29,1
Butembo,2026-06-29,34
Katwa,2026-06-29,45
Beni,2026-06-29,22
Oicha,2026-06-29,3
Kalunguta,2026-06-29,2
Kyondo,2026-06-29,3
Goma,2026-06-29,1
Masereka,2026-06-29,1
Vuhovi,2026-06-29,1
Mabalako,2026-06-29,1
Musienene,2026-06-29,3
Miti Murhesa,2026-06-29,3
NA,2026-06-29,17
Bunia,2026-06-30,387
Rwampara,2026-06-30,301
Mongbwalu,2026-06-30,264
Nyankunde,2026-06-30,95
Nizi,2026-06-30,61
Lita,2026-06-30,29
Komanda,2026-06-30,18
Bambu,2026-06-30,16
Kilo,2026-06-30,9
Mangala,2026-06-30,24
Tchomia,2026-06-30,14
Damas,2026-06-30,5
Aungba,2026-06-30,6
Rimba,2026-06-30,3
Aru,2026-06-30,3
Mambasa,2026-06-30,2
Logo,2026-06-30,7
Drodro,2026-06-30,3
Gety,2026-06-30,1
Kambala,2026-06-30,2
Nia Nia,2026-06-30,12
Fataki,2026-06-30,1
Mandima,2026-06-30,2
Lolwa,2026-06-30,1
Butembo,2026-06-30,34
Katwa,2026-06-30,47
Beni,2026-06-30,24
Oicha,2026-06-30,3
Kalunguta,2026-06-30,2
Kyondo,2026-06-30,3
Goma,2026-06-30,1
Masereka,2026-06-30,1
Vuhovi,2026-06-30,1
Mabalako,2026-06-30,1
Musienene,2026-06-30,3
Miti Murhesa,2026-06-30,3
NA,2026-06-30,17
Bunia,2026-07-01,416
Rwampara,2026-07-01,308
Mongbwalu,2026-07-01,270
Nyankunde,2026-07-01,95
Nizi,2026-07-01,65
Lita,2026-07-01,32
Komanda,2026-07-01,19
Bambu,2026-07-01,16
Kilo,2026-07-01,9
Mangala,2026-07-01,24
Tchomia,2026-07-01,14
Damas,2026-07-01,5
Aungba,2026-07-01,6
Rimba,2026-07-01,3
Aru,2026-07-01,3
Mambasa,2026-07-01,2
Logo,2026-07-01,7
Drodro,2026-07-01,3
Gety,2026-07-01,1
Kambala,2026-07-01,2
Nia Nia,2026-07-01,12
Fataki,2026-07-01,1
Mandima,2026-07-01,2
Lolwa,2026-07-01,1
Butembo,2026-07-01,34
Katwa,2026-07-01,49
Beni,2026-07-01,26
Oicha,2026-07-01,3
Kalunguta,2026-07-01,2
Kyondo,2026-07-01,3
Goma,2026-07-01,1
Masereka,2026-07-01,1
Vuhovi,2026-07-01,1
Mabalako,2026-07-01,1
Musienene,2026-07-01,3
Miti Murhesa,2026-07-01,3
NA,2026-07-01,17
Bunia,2026-07-02,426
Rwampara,2026-07-02,322
Mongbwalu,2026-07-02,273
Nyankunde,2026-07-02,95
Nizi,2026-07-02,65
Lita,2026-07-02,33
Komanda,2026-07-02,19
Bambu,2026-07-02,18
Kilo,2026-07-02,9
Mangala,2026-07-02,24
Tchomia,2026-07-02,15
Damas,2026-07-02,5
Aungba,2026-07-02,6
Rimba,2026-07-02,3
Aru,2026-07-02,3
Mambasa,2026-07-02,2
Logo,2026-07-02,7
Drodro,2026-07-02,3
Gety,2026-07-02,1
Kambala,2026-07-02,2
Nia Nia,2026-07-02,12
Fataki,2026-07-02,1
Mandima,2026-07-02,4
Lolwa,2026-07-02,1
Butembo,2026-07-02,38
Katwa,2026-07-02,51
Beni,2026-07-02,28
Oicha,2026-07-02,3
Kalunguta,2026-07-02,2
Kyondo,2026-07-02,3
Goma,2026-07-02,2
Masereka,2026-07-02,1
Vuhovi,2026-07-02,1
Mabalako,2026-07-02,1
Musienene,2026-07-02,3
Miti Murhesa,2026-07-02,3
NA,2026-07-02,17
Bunia,2026-07-03,431
Rwampara,2026-07-03,333
Mongbwalu,2026-07-03,276
Nyankunde,2026-07-03,95
Nizi,2026-07-03,65
Lita,2026-07-03,33
Komanda,2026-07-03,19
Bambu,2026-07-03,18
Kilo,2026-07-03,9
Mangala,2026-07-03,26
Tchomia,2026-07-03,15
Damas,2026-07-03,5
Aungba,2026-07-03,6
Rimba,2026-07-03,3
Aru,2026-07-03,3
Mambasa,2026-07-03,2
Logo,2026-07-03,7
Drodro,2026-07-03,3
Gety,2026-07-03,1
Kambala,2026-07-03,2
Nia Nia,2026-07-03,12
Fataki,2026-07-03,1
Mandima,2026-07-03,4
Lolwa,2026-07-03,1
Butembo,2026-07-03,40
Katwa,2026-07-03,51
Beni,2026-07-03,29
Oicha,2026-07-03,3
Kalunguta,2026-07-03,2
Kyondo,2026-07-03,4
Goma,2026-07-03,1
Masereka,2026-07-03,2
Vuhovi,2026-07-03,1
Mabalako,2026-07-03,1
Musienene,2026-07-03,4
Miti Murhesa,2026-07-03,3
NA,2026-07-03,17
Bunia,2026-07-04,438
Rwampara,2026-07-04,344
Mongbwalu,2026-07-04,278
Nyankunde,2026-07-04,95
Nizi,2026-07-04,72
Lita,2026-07-04,33
Komanda,2026-07-04,22
Bambu,2026-07-04,18
Kilo,2026-07-04,9
Mangala,2026-07-04,26
Tchomia,2026-07-04,15
Damas,2026-07-04,5
Aungba,2026-07-04,6
Rimba,2026-07-04,3
Aru,2026-07-04,3
Mambasa,2026-07-04,2
Logo,2026-07-04,7
Drodro,2026-07-04,3
Gety,2026-07-04,1
Kambala,2026-07-04,2
Nia Nia,2026-07-04,12
Fataki,2026-07-04,1
Mandima,2026-07-04,4
Lolwa,2026-07-04,1
Butembo,2026-07-04,40
Katwa,2026-07-04,52
Beni,2026-07-04,29
Oicha,2026-07-04,3
Kalunguta,2026-07-04,2
Kyondo,2026-07-04,4
Goma,2026-07-04,1
Masereka,2026-07-04,2
Vuhovi,2026-07-04,1
Mabalako,2026-07-04,1
Musienene,2026-07-04,6
Miti Murhesa,2026-07-04,3
NA,2026-07-04,17
Bunia,2026-07-05,452
Rwampara,2026-07-05,349
Mongbwalu,2026-07-05,288
Nyankunde,2026-07-05,96
Nizi,2026-07-05,78
Lita,2026-07-05,33
Komanda,2026-07-05,22
Bambu,2026-07-05,25
Kilo,2026-07-05,9
Mangala,2026-07-05,33
Tchomia,2026-07-05,15
Damas,2026-07-05,5
Aungba,2026-07-05,6
Rimba,2026-07-05,4
Aru,2026-07-05,3
Mambasa,2026-07-05,2
Logo,2026-07-05,7
Drodro,2026-07-05,3
Gety,2026-07-05,1
Kambala,2026-07-05,2
Nia Nia,2026-07-05,20
Fataki,2026-07-05,2
Mandima,2026-07-05,4
Lolwa,2026-07-05,1
Butembo,2026-07-05,40
Katwa,2026-07-05,52
Beni,2026-07-05,29
Oicha,2026-07-05,3
Kalunguta,2026-07-05,2
Kyondo,2026-07-05,4
Goma,2026-07-05,1
Masereka,2026-07-05,3
Vuhovi,2026-07-05,1
Mabalako,2026-07-05,1
Musienene,2026-07-05,8
Miti Murhesa,2026-07-05,3
NA,2026-07-05,17
Bunia,2026-07-06,472
Rwampara,2026-07-06,357
Mongbwalu,2026-07-06,298
Nyankunde,2026-07-06,96
Nizi,2026-07-06,84
Lita,2026-07-06,40
Komanda,2026-07-06,23
Bambu,2026-07-06,28
Kilo,2026-07-06,9
Mangala,2026-07-06,39
Tchomia,2026-07-06,15
Damas,2026-07-06,5
Aungba,2026-07-06,6
Rimba,2026-07-06,4
Aru,2026-07-06,3
Mambasa,2026-07-06,4
Logo,2026-07-06,7
Drodro,2026-07-06,3
Gety,2026-07-06,1
Kambala,2026-07-06,2
Nia Nia,2026-07-06,33
Fataki,2026-07-06,3
Mandima,2026-07-06,5
Lolwa,2026-07-06,1
Boga,2026-07-06,1
Butembo,2026-07-06,41
Katwa,2026-07-06,56
Beni,2026-07-06,29
Oicha,2026-07-06,3
Kalunguta,2026-07-06,2
Kyondo,2026-07-06,4
Goma,2026-07-06,1
Masereka,2026-07-06,3
Vuhovi,2026-07-06,1
Mabalako,2026-07-06,1
Musienene,2026-07-06,8
Miti Murhesa,2026-07-06,3
NA,2026-07-06,17
Bunia,2026-07-07,483
Rwampara,2026-07-07,364
Mongbwalu,2026-07-07,310
Nyankunde,2026-07-07,97
Nizi,2026-07-07,94
Lita,2026-07-07,40
Komanda,2026-07-07,23
Bambu,2026-07-07,28
Kilo,2026-07-07,9
Mangala,2026-07-07,40
Tchomia,2026-07-07,15
Damas,2026-07-07,5
Aungba,2026-07-07,6
Rimba,2026-07-07,4
Aru,2026-07-07,3
Mambasa,2026-07-07,4
Logo,2026-07-07,7
Drodro,2026-07-07,3
Gety,2026-07-07,1
Kambala,2026-07-07,2
Nia Nia,2026-07-07,35
Fataki,2026-07-07,4
Mandima,2026-07-07,5
Lolwa,2026-07-07,1
Boga,2026-07-07,1
Butembo,2026-07-07,42
Katwa,2026-07-07,61
Beni,2026-07-07,29
Oicha,2026-07-07,3
Kalunguta,2026-07-07,2
Kyondo,2026-07-07,4
Goma,2026-07-07,1
Masereka,2026-07-07,3
Vuhovi,2026-07-07,1
Mabalako,2026-07-07,1
Musienene,2026-07-07,8
Miti Murhesa,2026-07-07,3
NA,2026-07-07,17
Bunia,2026-07-08,487
Rwampara,2026-07-08,370
Mongbwalu,2026-07-08,315
Nyankunde,2026-07-08,97
Nizi,2026-07-08,104
Lita,2026-07-08,41
Komanda,2026-07-08,23
Bambu,2026-07-08,29
Kilo,2026-07-08,9
Mangala,2026-07-08,43
Tchomia,2026-07-08,15
Damas,2026-07-08,5
Aungba,2026-07-08,6
Rimba,2026-07-08,4
Aru,2026-07-08,3
Mambasa,2026-07-08,4
Logo,2026-07-08,7
Drodro,2026-07-08,3
Gety,2026-07-08,1
Kambala,2026-07-08,2
Nia Nia,2026-07-08,35
Fataki,2026-07-08,4
Mandima,2026-07-08,5
Lolwa,2026-07-08,1
Boga,2026-07-08,1
Butembo,2026-07-08,42
Katwa,2026-07-08,61
Beni,2026-07-08,29
Oicha,2026-07-08,3
Kalunguta,2026-07-08,2
Kyondo,2026-07-08,4
Goma,2026-07-08,1
Masereka,2026-07-08,3
Vuhovi,2026-07-08,1
Mabalako,2026-07-08,1
Musienene,2026-07-08,8
Miti Murhesa,2026-07-08,3
NA,2026-07-08,17
Bunia,2026-07-09,495
Rwampara,2026-07-09,373
Mongbwalu,2026-07-09,327
Nyankunde,2026-07-09,97
Nizi,2026-07-09,107
Lita,2026-07-09,42
Komanda,2026-07-09,25
Bambu,2026-07-09,29
Kilo,2026-07-09,9
Mangala,2026-07-09,43
Tchomia,2026-07-09,17
Damas,2026-07-09,5
Aungba,2026-07-09,6
Rimba,2026-07-09,4
Aru,2026-07-09,3
Mambasa,2026-07-09,5
Logo,2026-07-09,7
Drodro,2026-07-09,3
Gety,2026-07-09,1
Kambala,2026-07-09,2
Nia Nia,2026-07-09,35
Fataki,2026-07-09,4
Mandima,2026-07-09,5
Lolwa,2026-07-09,1
Boga,2026-07-09,1
Butembo,2026-07-09,43
Katwa,2026-07-09,66
Beni,2026-07-09,30
Oicha,2026-07-09,3
Kalunguta,2026-07-09,2
Kyondo,2026-07-09,5
Goma,2026-07-09,1
Masereka,2026-07-09,3
Vuhovi,2026-07-09,1
Mabalako,2026-07-09,1
Musienene,2026-07-09,9
Miti Murhesa,2026-07-09,3
NA,2026-07-09,17
Bunia,2026-07-10,503
Rwampara,2026-07-10,384
Mongbwalu,2026-07-10,329
Nyankunde,2026-07-10,97
Nizi,2026-07-10,110
Lita,2026-07-10,45
Komanda,2026-07-10,25
Bambu,2026-07-10,31
Kilo,2026-07-10,9
Mangala,2026-07-10,50
Tchomia,2026-07-10,19
Damas,2026-07-10,5
Aungba,2026-07-10,6
Rimba,2026-07-10,4
Aru,2026-07-10,3
Mambasa,2026-07-10,5
Logo,2026-07-10,7
Drodro,2026-07-10,4
Gety,2026-07-10,1
Kambala,2026-07-10,2
Nia Nia,2026-07-10,35
Fataki,2026-07-10,4
Mandima,2026-07-10,8
Lolwa,2026-07-10,1
Boga,2026-07-10,1
Butembo,2026-07-10,43
Katwa,2026-07-10,67
Beni,2026-07-10,30
Oicha,2026-07-10,3
Kalunguta,2026-07-10,2
Kyondo,2026-07-10,5
Goma,2026-07-10,1
Masereka,2026-07-10,3
Vuhovi,2026-07-10,1
Mabalako,2026-07-10,1
Musienene,2026-07-10,9
Miti Murhesa,2026-07-10,3
Wamba,2026-07-10,1
Makiso Kisangani,2026-07-10,2
Mangobo,2026-07-10,1
Lubunga (Tshopo),2026-07-10,1
NA,2026-07-10,17
Bunia,2026-07-11,507
Rwampara,2026-07-11,393
Mongbwalu,2026-07-11,336
Nyankunde,2026-07-11,99
Nizi,2026-07-11,121
Lita,2026-07-11,48
Komanda,2026-07-11,27
Bambu,2026-07-11,31
Kilo,2026-07-11,9
Mangala,2026-07-11,50
Tchomia,2026-07-11,19
Damas,2026-07-11,5
Aungba,2026-07-11,6
Rumba,2026-07-11,4
Aru,2026-07-11,3
Mambasa,2026-07-11,5
Logo,2026-07-11,7
Drodro,2026-07-11,4
Gety,2026-07-11,1
Kambala,2026-07-11,2
Nia-Nia,2026-07-11,36
Fataki,2026-07-11,4
Mandima,2026-07-11,8
Lolwa,2026-07-11,1
Boga,2026-07-11,1
Ariwara,2026-07-11,1
Butembo,2026-07-11,44
Katwa,2026-07-11,71
Beni,2026-07-11,30
Oicha,2026-07-11,3
Kalunguta,2026-07-11,2
Kyondo,2026-07-11,7
Goma,2026-07-11,1
Masereka,2026-07-11,3
Vuhovi,2026-07-11,1
Mabalako,2026-07-11,1
Musienene,2026-07-11,10
Miti-Murhesa,2026-07-11,3
Wamba,2026-07-11,1
Makiso Kisangani,2026-07-11,2
Mangobo,2026-07-11,1
Lubunga (Tshopo),2026-07-11,1
NA,2026-07-11,17
Bunia,2026-07-13,534
Rwampara,2026-07-13,405
Mongbwalu,2026-07-13,336
Nizi,2026-07-13,131
Nyankunde,2026-07-13,99
Mangala,2026-07-13,50
Lita,2026-07-13,59
Nia-Nia,2026-07-13,36
Bambu,2026-07-13,31
Komanda,2026-07-13,27
Tchomia,2026-07-13,19
Kilo,2026-07-13,9
Mandima,2026-07-13,8
Logo,2026-07-13,7
Aungba,2026-07-13,6
Damas,2026-07-13,5
Mambasa,2026-07-13,5
Rimba,2026-07-13,4
Fataki,2026-07-13,5
Drodro,2026-07-13,5
Aru,2026-07-13,3
Kambala,2026-07-13,2
Gety,2026-07-13,1
Lolwa,2026-07-13,2
Boga,2026-07-13,1
Ariwara,2026-07-13,1
Katwa,2026-07-13,76
Butembo,2026-07-13,46
Beni,2026-07-13,31
Musienene,2026-07-13,11
Kyondo,2026-07-13,7
Kalunguta,2026-07-13,2
Masereka,2026-07-13,3
Oicha,2026-07-13,3
Goma,2026-07-13,1
Vuhovi,2026-07-13,1
Mabalako,2026-07-13,1
Miti-Murhesa,2026-07-13,3
Wamba,2026-07-13,8
Pawa,2026-07-13,3
Boma Mangbetu,2026-07-13,2
Isiro,2026-07-13,1
Makiso Kisangani,2026-07-13,2
Mangobo,2026-07-13,1
Lubunga (Tshopo),2026-07-13,1
NA,2026-07-13,17
Bunia,2026-07-15,570
Rwampara,2026-07-15,418
Mongbwalu,2026-07-15,347
Nizi,2026-07-15,148
Nyankunde,2026-07-15,99
Mangala,2026-07-15,50
Lita,2026-07-15,66
Nia-Nia,2026-07-15,42
Bambu,2026-07-15,31
Komanda,2026-07-15,27
Tchomia,2026-07-15,19
Kilo,2026-07-15,10
Mandima,2026-07-15,9
Logo,2026-07-15,7
Aungba,2026-07-15,6
Damas,2026-07-15,7
Mambasa,2026-07-15,5
Rimba,2026-07-15,4
Fataki,2026-07-15,6
Drodro,2026-07-15,5
Aru,2026-07-15,3
Kambala,2026-07-15,2
Gety,2026-07-15,1
Lolwa,2026-07-15,2
Boga,2026-07-15,1
Ariwara,2026-07-15,1
Mahagi,2026-07-15,1
Katwa,2026-07-15,82
Butembo,2026-07-15,52
Beni,2026-07-15,33
Musienene,2026-07-15,14
Kyondo,2026-07-15,7
Kalunguta,2026-07-15,2
Masereka,2026-07-15,3
Oicha,2026-07-15,3
Goma,2026-07-15,1
Vuhovi,2026-07-15,1
Mabalako,2026-07-15,1
Miti-Murhesa,2026-07-15,3
Wamba,2026-07-15,8
Pawa,2026-07-15,3
Boma Mangbetu,2026-07-15,2
Isiro,2026-07-15,1
Makiso Kisangani,2026-07-15,2
Mangobo,2026-07-15,1
Lubunga (Tshopo),2026-07-15,1
NA,2026-07-15,17
Bunia,2026-07-17,606
Rwampara,2026-07-17,430
Mongbwalu,2026-07-17,355
Nizi,2026-07-17,168
Nyankunde,2026-07-17,99
Mangala,2026-07-17,56
Lita,2026-07-17,77
Nia-Nia,2026-07-17,47
Bambu,2026-07-17,36
Komanda,2026-07-17,27
Tchomia,2026-07-17,21
Kilo,2026-07-17,11
Mandima,2026-07-17,9
Logo,2026-07-17,7
Aungba,2026-07-17,6
Damas,2026-07-17,7
Mambasa,2026-07-17,8
Rimba,2026-07-17,5
Fataki,2026-07-17,9
Drodro,2026-07-17,5
Aru,2026-07-17,4
Kambala,2026-07-17,2
Gety,2026-07-17,1
Lolwa,2026-07-17,2
Boga,2026-07-17,1
Ariwara,2026-07-17,6
Mahagi,2026-07-17,1
Katwa,2026-07-17,92
Butembo,2026-07-17,55
Beni,2026-07-17,34
Musienene,2026-07-17,14
Kyondo,2026-07-17,8
Kalunguta,2026-07-17,2
Masereka,2026-07-17,3
Oicha,2026-07-17,3
Goma,2026-07-17,1
Vuhovi,2026-07-17,1
Mabalako,2026-07-17,1
Miti-Murhesa,2026-07-17,3
Wamba,2026-07-17,16
Pawa,2026-07-17,3
Boma Mangbetu,2026-07-17,2
Isiro,2026-07-17,1
Makiso Kisangani,2026-07-17,2
Mangobo,2026-07-17,1
Lubunga (Tshopo),2026-07-17,1
NA,2026-07-17,17
Bunia,2026-07-18,621
Rwampara,2026-07-18,440
Mongbwalu,2026-07-18,360
Nizi,2026-07-18,198
Nyankunde,2026-07-18,99
Lita,2026-07-18,77
Mangala,2026-07-18,58
Nia-Nia,2026-07-18,49
Bambu,2026-07-18,36
Komanda,2026-07-18,27
Tchomia,2026-07-18,22
Fataki,2026-07-18,11
Kilo,2026-07-18,11
Mandima,2026-07-18,9
Mambasa,2026-07-18,8
Damas,2026-07-18,7
Logo,2026-07-18,7
Ariwara,2026-07-18,6
Aungba,2026-07-18,6
Drodro,2026-07-18,5
Rimba,2026-07-18,5
Aru,2026-07-18,4
Kambala,2026-07-18,2
Lolwa,2026-07-18,2
Boga,2026-07-18,1
Gety,2026-07-18,1
Mahagi,2026-07-18,1
Katwa,2026-07-18,98
Butembo,2026-07-18,57
Beni,2026-07-18,37
Musienene,2026-07-18,18
Kyondo,2026-07-18,9
Kalunguta,2026-07-18,2
Masereka,2026-07-18,3
Oicha,2026-07-18,3
Goma,2026-07-18,1
Vuhovi,2026-07-18,1
Mabalako,2026-07-18,1
Miti-Murhesa,2026-07-18,3
Wamba,2026-07-18,6
Pawa,2026-07-18,3
Boma Mangbetu,2026-07-18,4
Isiro,2026-07-18,3
Makiso Kisangani,2026-07-18,3
Mangobo,2026-07-18,1
Lubunga (Tshopo),2026-07-18,1
NA,2026-07-18,17
Bunia,2026-07-19,639
Rwampara,2026-07-19,450
Mongbwalu,2026-07-19,363
Nizi,2026-07-19,214
Nyankunde,2026-07-19,99
Lita,2026-07-19,78
Mangala,2026-07-19,61
Nia-Nia,2026-07-19,51
Bambu,2026-07-19,40
Komanda,2026-07-19,27
Tchomia,2026-07-19,23
Fataki,2026-07-19,11
Kilo,2026-07-19,11
Adja,2026-07-19,10
Mandima,2026-07-19,9
Mambasa,2026-07-19,8
Logo,2026-07-19,8
Ariwara,2026-07-19,7
Damas,2026-07-19,7
Aungba,2026-07-19,6
Drodro,2026-07-19,5
Rimba,2026-07-19,5
Aru,2026-07-19,4
Kambala,2026-07-19,2
Lolwa,2026-07-19,2
Boga,2026-07-19,1
Gety,2026-07-19,1
Mahagi,2026-07-19,1
Katwa,2026-07-19,104
Butembo,2026-07-19,58
Beni,2026-07-19,37
Musienene,2026-07-19,19
Kyondo,2026-07-19,9
Kalunguta,2026-07-19,2
Masereka,2026-07-19,3
Oicha,2026-07-19,4
Goma,2026-07-19,1
Vuhovi,2026-07-19,1
Mabalako,2026-07-19,1
Miti-Murhesa,2026-07-19,3
Wamba,2026-07-19,6
Pawa,2026-07-19,3
Boma Mangbetu,2026-07-19,4
Isiro,2026-07-19,3
Makiso-Kisangani,2026-07-19,3
Mangobo,2026-07-19,1
Lubunga,2026-07-19,1
NA,2026-07-19,17
Bunia,2026-07-20,657
Rwampara,2026-07-20,457
Mongbwalu,2026-07-20,364
Nizi,2026-07-20,223
Nyankunde,2026-07-20,99
Lita,2026-07-20,78
Mangala,2026-07-20,61
Nia-Nia,2026-07-20,54
Bambu,2026-07-20,40
Komanda,2026-07-20,27
Tchomia,2026-07-20,23
Fataki,2026-07-20,11
Kilo,2026-07-20,11
Adja,2026-07-20,10
Mandima,2026-07-20,10
Mambasa,2026-07-20,8
Logo,2026-07-20,8
Ariwara,2026-07-20,10
Damas,2026-07-20,7
Aungba,2026-07-20,6
Drodro,2026-07-20,5
Rimba,2026-07-20,5
Aru,2026-07-20,4
Kambala,2026-07-20,2
Lolwa,2026-07-20,2
Boga,2026-07-20,1
Gety,2026-07-20,1
Mahagi,2026-07-20,1
Katwa,2026-07-20,108
Butembo,2026-07-20,61
Beni,2026-07-20,37
Musienene,2026-07-20,19
Kyondo,2026-07-20,10
Oicha,2026-07-20,4
Kalunguta,2026-07-20,2
Masereka,2026-07-20,3
Goma,2026-07-20,1
Vuhovi,2026-07-20,1
Mabalako,2026-07-20,1
Miti-Murhesa,2026-07-20,3
Wamba,2026-07-20,6
Pawa,2026-07-20,3
Boma Mangbetu,2026-07-20,4
Isiro,2026-07-20,3
Makiso-Kisangani,2026-07-20,3
Mangobo,2026-07-20,1
Lubunga,2026-07-20,1
NA,2026-07-20,17
Adja,2026-07-22,10
Aru,2026-07-22,5
Ariwara,2026-07-22,7
Aungba,2026-07-22,4
Bambu,2026-07-22,51
Boga,2026-07-22,1
Bunia,2026-07-22,696
Damas,2026-07-22,13
Drodro,2026-07-22,6
Fataki,2026-07-22,17
Gety,2026-07-22,1
Kambala,2026-07-22,2
Kilo,2026-07-22,23
Komanda,2026-07-22,30
Lita,2026-07-22,101
Logo,2026-07-22,8
Lolwa,2026-07-22,4
Mahagi,2026-07-22,1
Mambasa,2026-07-22,7
Mandima,2026-07-22,13
Mangala,2026-07-22,86
Mongbwalu,2026-07-22,482
Nia-Nia,2026-07-22,78
Nizi,2026-07-22,308
Nyankunde,2026-07-22,114
Rimba,2026-07-22,7
Rwampara,2026-07-22,481
Tchomia,2026-07-22,39
Beni,2026-07-22,41
Butembo,2026-07-22,62
Goma,2026-07-22,1
Kalunguta,2026-07-22,4
Katwa,2026-07-22,121
Kyondo,2026-07-22,10
Mabalako,2026-07-22,1
Masereka,2026-07-22,4
Musienene,2026-07-22,26
Oicha,2026-07-22,4
Vuhovi,2026-07-22,1
Miti-Murhesa,2026-07-22,3
Boma Mangbetu,2026-07-22,6
Isiro,2026-07-22,8
Pawa,2026-07-22,7
Wamba,2026-07-22,6
Lubunga,2026-07-22,1
Makiso-Kisangani,2026-07-22,3
Mangobo,2026-07-22,1
Adja,2026-07-23,10
Aru,2026-07-23,5
Ariwara,2026-07-23,7
Aungba,2026-07-23,4
Bambu,2026-07-23,51
Boga,2026-07-23,1
Bunia,2026-07-23,713
Damas,2026-07-23,14
Drodro,2026-07-23,6
Fataki,2026-07-23,17
Gety,2026-07-23,1
Kambala,2026-07-23,2
Kilo,2026-07-23,23
Komanda,2026-07-23,33
Lita,2026-07-23,103
Logo,2026-07-23,9
Lolwa,2026-07-23,4
Mahagi,2026-07-23,1
Mambasa,2026-07-23,7
Mandima,2026-07-23,13
Mangala,2026-07-23,92
Mongbwalu,2026-07-23,484
Nia-Nia,2026-07-23,78
Nizi,2026-07-23,316
Nyankunde,2026-07-23,114
Rimba,2026-07-23,7
Rwampara,2026-07-23,490
Tchomia,2026-07-23,40
Beni,2026-07-23,42
Butembo,2026-07-23,63
Goma,2026-07-23,1
Kalunguta,2026-07-23,4
Katwa,2026-07-23,133
Kyondo,2026-07-23,10
Mabalako,2026-07-23,1
Masereka,2026-07-23,4
Musienene,2026-07-23,27
Oicha,2026-07-23,4
Vuhovi,2026-07-23,1
Miti-Murhesa,2026-07-23,3
Boma Mangbetu,2026-07-23,6
Isiro,2026-07-23,8
Pawa,2026-07-23,7
Rungu,2026-07-23,1
Wamba,2026-07-23,7
Lubunga,2026-07-23,1
Makiso-Kisangani,2026-07-23,3
Mangobo,2026-07-23,1
Adja,2026-07-25,11
Aru,2026-07-25,5
Ariwara,2026-07-25,7
Aungba,2026-07-25,4
Bambu,2026-07-25,54
Boga,2026-07-25,1
Bunia,2026-07-25,762
Damas,2026-07-25,16
Drodro,2026-07-25,6
Fataki,2026-07-25,17
Gety,2026-07-25,1
Kambala,2026-07-25,2
Kilo,2026-07-25,23
Komanda,2026-07-25,35
Lita,2026-07-25,117
Logo,2026-07-25,9
Lolwa,2026-07-25,4
Mahagi,2026-07-25,3
Mambasa,2026-07-25,9
Mandima,2026-07-25,13
Mangala,2026-07-25,100
Mongbwalu,2026-07-25,498
Nia-Nia,2026-07-25,89
Nizi,2026-07-25,350
Nyankunde,2026-07-25,114
Rimba,2026-07-25,8
Rwampara,2026-07-25,550
Tchomia,2026-07-25,40
Beni,2026-07-25,43
Butembo,2026-07-25,70
Goma,2026-07-25,1
Kalunguta,2026-07-25,4
Katwa,2026-07-25,138
Kyondo,2026-07-25,11
Mabalako,2026-07-25,1
Masereka,2026-07-25,4
Musienene,2026-07-25,29
Oicha,2026-07-25,4
Vuhovi,2026-07-25,1
Miti-Murhesa,2026-07-25,3
Boma Mangbetu,2026-07-25,7
Isiro,2026-07-25,12
Pawa,2026-07-25,7
Rungu,2026-07-25,1
Wamba,2026-07-25,11
Lubunga,2026-07-25,1
Makiso-Kisangani,2026-07-25,3
Mangobo,2026-07-25,1
Adja,2026-07-26,11
Aru,2026-07-26,5
Ariwara,2026-07-26,7
Aungba,2026-07-26,5
Bambu,2026-07-26,57
Boga,2026-07-26,1
Bunia,2026-07-26,773
Damas,2026-07-26,16
Drodro,2026-07-26,10
Fataki,2026-07-26,17
Gety,2026-07-26,1
Kambala,2026-07-26,2
Kilo,2026-07-26,23
Komanda,2026-07-26,35
Lita,2026-07-26,117
Logo,2026-07-26,9
Lolwa,2026-07-26,4
Mahagi,2026-07-26,3
Mambasa,2026-07-26,9
Mandima,2026-07-26,13
Mangala,2026-07-26,100
Mongbwalu,2026-07-26,506
Nia-Nia,2026-07-26,90
Nizi,2026-07-26,357
Nyankunde,2026-07-26,114
Rimba,2026-07-26,8
Rwampara,2026-07-26,568
Tchomia,2026-07-26,40
Beni,2026-07-26,44
Butembo,2026-07-26,73
Goma,2026-07-26,1
Kalunguta,2026-07-26,5
Katwa,2026-07-26,140
Kyondo,2026-07-26,12
Mabalako,2026-07-26,1
Masereka,2026-07-26,4
Musienene,2026-07-26,29
Oicha,2026-07-26,4
Vuhovi,2026-07-26,1
Miti-Murhesa,2026-07-26,3
Boma Mangbetu,2026-07-26,7
Isiro,2026-07-26,12
Pawa,2026-07-26,8
Rungu,2026-07-26,1
Wamba,2026-07-26,11
Lubunga,2026-07-26,1
Makiso-Kisangani,2026-07-26,3
Mangobo,2026-07-26,1
Adja,2026-07-27,11
Aru,2026-07-27,5
Ariwara,2026-07-27,7
Aungba,2026-07-27,5
Bambu,2026-07-27,57
Boga,2026-07-27,1
Bunia,2026-07-27,801
Damas,2026-07-27,16
Drodro,2026-07-27,10
Fataki,2026-07-27,17
Gety,2026-07-27,1
Kambala,2026-07-27,2
Kilo,2026-07-27,28
Komanda,2026-07-27,36
Lita,2026-07-27,121
Logo,2026-07-27,9
Lolwa,2026-07-27,4
Mahagi,2026-07-27,4
Mambasa,2026-07-27,9
Mandima,2026-07-27,16
Mangala,2026-07-27,100
Mongbwalu,2026-07-27,528
Nia-Nia,2026-07-27,92
Nizi,2026-07-27,360
Nyankunde,2026-07-27,114
Rimba,2026-07-27,8
Rwampara,2026-07-27,585
Tchomia,2026-07-27,41
Beni,2026-07-27,46
Butembo,2026-07-27,75
Goma,2026-07-27,1
Kalunguta,2026-07-27,5
Katwa,2026-07-27,145
Kyondo,2026-07-27,12
Mabalako,2026-07-27,1
Masereka,2026-07-27,4
Musienene,2026-07-27,31
Oicha,2026-07-27,4
Vuhovi,2026-07-27,1
Miti-Murhesa,2026-07-27,3
Boma Mangbetu,2026-07-27,7
Isiro,2026-07-27,12
Pawa,2026-07-27,8
Rungu,2026-07-27,1
Wamba,2026-07-27,11
Lubunga,2026-07-27,1
Makiso-Kisangani,2026-07-27,3
Mangobo,2026-07-27,1
Adja,2026-07-30,11
Aru,2026-07-30,5
Ariwara,2026-07-30,7
Aungba,2026-07-30,9
Bambu,2026-07-30,60
Boga,2026-07-30,1
Bunia,2026-07-30,880
Damas,2026-07-30,17
Drodro,2026-07-30,10
Fataki,2026-07-30,27
Gethy,2026-07-30,1
Kambala,2026-07-30,2
Kilo,2026-07-30,29
Komanda,2026-07-30,36
Lita,2026-07-30,131
Logo,2026-07-30,9
Lolwa,2026-07-30,7
Mahagi,2026-07-30,4
Mambasa,2026-07-30,9
Mandima,2026-07-30,16
Mangala,2026-07-30,101
Mongbwalu,2026-07-30,541
Nia-Nia,2026-07-30,95
Nizi,2026-07-30,377
Nyankunde,2026-07-30,114
Rimba,2026-07-30,9
Rwampara,2026-07-30,627
Tchomia,2026-07-30,41
Beni,2026-07-30,50
Butembo,2026-07-30,82
Goma,2026-07-30,1
Kalunguta,2026-07-30,5
Katwa,2026-07-30,166
Kyondo,2026-07-30,13
Mabalako,2026-07-30,1
Masereka,2026-07-30,4
Musienene,2026-07-30,39
Oicha,2026-07-30,4
Vuhovi,2026-07-30,1
Miti-Murhesa,2026-07-30,3
Boma Mangbetu,2026-07-30,12
Isiro,2026-07-30,16
Pawa,2026-07-30,9
Rungu,2026-07-30,1
Wamba,2026-07-30,15
Kabondo,2026-07-30,1
Lubunga,2026-07-30,1
Makiso-Kisangani,2026-07-30,4
Mangobo,2026-07-30,1
Adja,2026-07-31,11
Aru,2026-07-31,5
Ariwara,2026-07-31,7
Aungba,2026-07-31,9
Bambu,2026-07-31,60
Boga,2026-07-31,1
Bunia,2026-07-31,896
Damas,2026-07-31,17
Drodro,2026-07-31,10
Fataki,2026-07-31,35
Gethy,2026-07-31,1
Kambala,2026-07-31,2
Kilo,2026-07-31,29
Komanda,2026-07-31,36
Lita,2026-07-31,132
Logo,2026-07-31,9
Lolwa,2026-07-31,7
Mahagi,2026-07-31,4
Mambasa,2026-07-31,9
Mandima,2026-07-31,16
Mangala,2026-07-31,102
Mongbwalu,2026-07-31,545
Nia-Nia,2026-07-31,101
Nizi,2026-07-31,387
Nyankunde,2026-07-31,115
Rimba,2026-07-31,9
Rwampara,2026-07-31,633
Tchomia,2026-07-31,41
Beni,2026-07-31,57
Butembo,2026-07-31,83
Goma,2026-07-31,1
Kalunguta,2026-07-31,6
Katwa,2026-07-31,168
Kyondo,2026-07-31,13
Mabalako,2026-07-31,1
Masereka,2026-07-31,4
Musienene,2026-07-31,40
Oicha,2026-07-31,4
Vuhovi,2026-07-31,1
Miti-Murhesa,2026-07-31,3
Boma Mangbetu,2026-07-31,12
Isiro,2026-07-31,19
Pawa,2026-07-31,10
Rungu,2026-07-31,1
Wamba,2026-07-31,15
Kabondo,2026-07-31,1
Lubunga,2026-07-31,1
Makiso-Kisangani,2026-07-31,4
Mangobo,2026-07-31,1
Adja,2026-08-01,11
Aru,2026-08-01,5
Ariwara,2026-08-01,7
Aungba,2026-08-01,9
Bambu,2026-08-01,60
Boga,2026-08-01,1
Bunia,2026-08-01,905
Damas,2026-08-01,18
Drodro,2026-08-01,11
Fataki,2026-08-01,35
Gethy,2026-08-01,1
Kambala,2026-08-01,2
Kilo,2026-08-01,29
Komanda,2026-08-01,37
Lita,2026-08-01,137
Logo,2026-08-01,9
Lolwa,2026-08-01,7
Mahagi,2026-08-01,4
Mambasa,2026-08-01,10
Mandima,2026-08-01,16
Mangala,2026-08-01,105
Mongbwalu,2026-08-01,550
Nia-Nia,2026-08-01,103
Nizi,2026-08-01,397
Nyankunde,2026-08-01,115
Rimba,2026-08-01,9
Rwampara,2026-08-01,644
Tchomia,2026-08-01,41
Beni,2026-08-01,61
Butembo,2026-08-01,88
Goma,2026-08-01,1
Kalunguta,2026-08-01,6
Katwa,2026-08-01,180
Kyondo,2026-08-01,13
Mabalako,2026-08-01,1
Masereka,2026-08-01,4
Musienene,2026-08-01,41
Oicha,2026-08-01,4
Vuhovi,2026-08-01,1
Miti-Murhesa,2026-08-01,3
Boma Mangbetu,2026-08-01,12
Isiro,2026-08-01,19
Pawa,2026-08-01,12
Rungu,2026-08-01,1
Wamba,2026-08-01,16
Kabondo,2026-08-01,1
Lubunga,2026-08-01,1
Makiso-Kisangani,2026-08-01,3
Mangobo,2026-08-01,1
Wanierukula,2026-08-01,1
Adja,2026-08-02,11
Aru,2026-08-02,5
Ariwara,2026-08-02,7
Aungba,2026-08-02,10
Bambu,2026-08-02,64
Boga,2026-08-02,1
Bunia,2026-08-02,914
Damas,2026-08-02,18
Drodro,2026-08-02,11
Fataki,2026-08-02,35
Gethy,2026-08-02,1
Kambala,2026-08-02,2
Kilo,2026-08-02,29
Komanda,2026-08-02,37
Lita,2026-08-02,141
Logo,2026-08-02,9
Lolwa,2026-08-02,7
Mahagi,2026-08-02,4
Mambasa,2026-08-02,10
Mandima,2026-08-02,16
Mangala,2026-08-02,105
Mongbwalu,2026-08-02,552
Nia-Nia,2026-08-02,104
Nizi,2026-08-02,402
Nyankunde,2026-08-02,115
Rimba,2026-08-02,9
Rwampara,2026-08-02,655
Tchomia,2026-08-02,43
Beni,2026-08-02,64
Butembo,2026-08-02,87
Goma,2026-08-02,1
Kalunguta,2026-08-02,7
Katwa,2026-08-02,186
Kyondo,2026-08-02,13
Lubero,2026-08-02,1
Mabalako,2026-08-02,1
Masereka,2026-08-02,5
Musienene,2026-08-02,43
Oicha,2026-08-02,4
Vuhovi,2026-08-02,2
Boma Mangbetu,2026-08-02,13
Isiro,2026-08-02,19
Pawa,2026-08-02,12
Rungu,2026-08-02,1
Wamba,2026-08-02,16
Kabondo,2026-08-02,1
Lubunga,2026-08-02,1
Makiso-Kisangani,2026-08-02,3
Mangobo,2026-08-02,1
Wanierukula,2026-08-02,1
Miti-Murhesa,2026-08-02,3
Adja,2026-08-03,11
Aru,2026-08-03,5
Ariwara,2026-08-03,7
Aungba,2026-08-03,10
Bambu,2026-08-03,69
Boga,2026-08-03,1
Bunia,2026-08-03,925
Damas,2026-08-03,18
Drodro,2026-08-03,11
Fataki,2026-08-03,35
Gethy,2026-08-03,1
Kambala,2026-08-03,2
Kilo,2026-08-03,29
Komanda,2026-08-03,38
Lita,2026-08-03,142
Logo,2026-08-03,10
Lolwa,2026-08-03,7
Mahagi,2026-08-03,4
Mambasa,2026-08-03,10
Mandima,2026-08-03,16
Mangala,2026-08-03,106
Mongbwalu,2026-08-03,553
Nia-Nia,2026-08-03,112
Nizi,2026-08-03,410
Nyankunde,2026-08-03,115
Rimba,2026-08-03,9
Rwampara,2026-08-03,674
Tchomia,2026-08-03,45
Beni,2026-08-03,64
Butembo,2026-08-03,89
Goma,2026-08-03,1
Kalunguta,2026-08-03,7
Katwa,2026-08-03,195
Kyondo,2026-08-03,13
Lubero,2026-08-03,1
Mabalako,2026-08-03,1
Masereka,2026-08-03,5
Musienene,2026-08-03,44
Oicha,2026-08-03,4
Vuhovi,2026-08-03,2
Boma Mangbetu,2026-08-03,13
Isiro,2026-08-03,21
Pawa,2026-08-03,12
Rungu,2026-08-03,1
Wamba,2026-08-03,16
Kabondo,2026-08-03,1
Lubunga,2026-08-03,1
Makiso-Kisangani,2026-08-03,3
Mangobo,2026-08-03,1
Wanierukula,2026-08-03,1
Miti-Murhesa,2026-08-03,3
Adja,2026-08-04,11
Aru,2026-08-04,5
Ariwara,2026-08-04,7
Aungba,2026-08-04,10
Bambu,2026-08-04,69
Boga,2026-08-04,1
Bunia,2026-08-04,950
Damas,2026-08-04,18
Drodro,2026-08-04,11
Fataki,2026-08-04,40
Gethy,2026-08-04,1
Kambala,2026-08-04,2
Kilo,2026-08-04,29
Komanda,2026-08-04,38
Lita,2026-08-04,151
Logo,2026-08-04,10
Lolwa,2026-08-04,7
Mahagi,2026-08-04,4
Mambasa,2026-08-04,10
Mandima,2026-08-04,16
Mangala,2026-08-04,108
Mongbwalu,2026-08-04,558
Nia-Nia,2026-08-04,112
Nizi,2026-08-04,431
Nyankunde,2026-08-04,115
Rimba,2026-08-04,9
Rwampara,2026-08-04,692
Tchomia,2026-08-04,45
Beni,2026-08-04,64
Butembo,2026-08-04,92
Goma,2026-08-04,1
Kalunguta,2026-08-04,8
Katwa,2026-08-04,200
Kyondo,2026-08-04,13
Lubero,2026-08-04,1
Mabalako,2026-08-04,1
Masereka,2026-08-04,5
Musienene,2026-08-04,45
Oicha,2026-08-04,4
Vuhovi,2026-08-04,2
Boma Mangbetu,2026-08-04,13
Isiro,2026-08-04,25
Pawa,2026-08-04,12
Rungu,2026-08-04,1
Wamba,2026-08-04,16
Kabondo,2026-08-04,1
Lubunga,2026-08-04,1
Makiso-Kisangani,2026-08-04,3
Mangobo,2026-08-04,1
Wanierukula,2026-08-04,1
Miti-Murhesa,2026-08-04,3